<?xml version="1.0" encoding="UTF-8"?>
<project-private xmlns="http://www.netbeans.org/ns/project-private/1">
    <editor-bookmarks xmlns="http://www.netbeans.org/ns/editor-bookmarks/2" lastBookmarkId="0"/>
    <open-files xmlns="http://www.netbeans.org/ns/projectui-open-files/2">
        <group>
            <file>file:/C:/Users/User/Desktop/Archivos%20Diego/T.Computacion%20-%20Trabajos-20241105T044148Z-001/T.Computacion%20-%20Trabajos/Ejercicio15_TeoriaComp_2023/Ejercicio15_LasVegas_Laberinto/Ejercicio15_LasVegas_Laberinto/src/las/vegas/laberinto/Interfaz_Laberinto.java</file>
            <file>file:/C:/Users/User/Desktop/Archivos%20Diego/T.Computacion%20-%20Trabajos-20241105T044148Z-001/T.Computacion%20-%20Trabajos/Ejercicio15_TeoriaComp_2023/Ejercicio15_LasVegas_Laberinto/Ejercicio15_LasVegas_Laberinto/src/las/vegas/laberinto/Interfaz_LasVegas.java</file>
            <file>file:/C:/Users/User/Desktop/Archivos%20Diego/T.Computacion%20-%20Trabajos-20241105T044148Z-001/T.Computacion%20-%20Trabajos/Ejercicio15_TeoriaComp_2023/Ejercicio15_LasVegas_Laberinto/Ejercicio15_LasVegas_Laberinto/src/las/vegas/laberinto/Laberinto_LasVegas.java</file>
        </group>
    </open-files>
</project-private>
